<?xml version="1.0" encoding="UTF-8"?>
<preferences>
 <debug showDebugMenu="0" />
 <systemtable filter="All Interfaces">
  <columns>
   <connections preferredWidth="31" />
   <irq preferredWidth="34" />
   <name preferredWidth="204" />
  </columns>
 </systemtable>
 <clocktable>
  <columns>
   <clockname preferredWidth="206" />
   <clocksource preferredWidth="207" />
   <frequency preferredWidth="196" />
  </columns>
 </clocktable>
 <library expandedCategories="Project,Library" />
 <window width="1366" height="768" x="0" y="0" />
 <hdlexample language="VHDL" />
 <generation synthesis="VHDL" />
</preferences>
