<?xml version="1.0" encoding="UTF-8"?>
<preferences>
 <debug showDebugMenu="0" />
 <systemtable>
  <columns>
   <connections preferredWidth="111" />
   <irq preferredWidth="34" />
   <name preferredWidth="204" />
  </columns>
 </systemtable>
 <clocktable>
  <columns>
   <clockname preferredWidth="206" />
   <clocksource preferredWidth="207" />
   <frequency preferredWidth="196" />
  </columns>
 </clocktable>
 <library
   expandedCategories="Library/Bridges/Streaming,Library/Qsys Interconnect,Project/System,Library/Peripherals,Library/DSP,Library/Interface Protocols/Serial,Library/Memories and Memory Controllers,Library/PLL,Library/Verification/Simulation,Library/Microcontroller Peripherals,Library/University Program,Library/Memories and Memory Controllers/External Memory Interfaces/Flash Interfaces,Library/DSP/Video and Image Processing,Library/Memories and Memory Controllers/External Memory Interfaces,Library/University Program/Bridges,Library/Memories and Memory Controllers/On-Chip,Library/Bridges,Library/Bridges/Memory-Mapped,Library,Library/Memories and Memory Controllers/External Memory Interfaces/Performance Monitors,Library/Qsys Interconnect/Memory-Mapped,Project,Library/Interface Protocols/PCI,Library/Memories and Memory Controllers/External Memory Interfaces/Pattern Generators,Library/Verification,Library/Peripherals/Debug and Performance,Library/Interface Protocols,Library/Peripherals/Display" />
 <window width="1100" height="768" x="0" y="0" />
 <hdlexample language="VHDL" />
 <generation synthesis="VHDL" />
</preferences>
