<?xml version="1.0" encoding="UTF-8"?>
<preferences>
 <debug showDebugMenu="0" />
 <systemtable>
  <columns>
   <connections preferredWidth="111" />
   <irq preferredWidth="34" />
   <name preferredWidth="204" />
  </columns>
 </systemtable>
 <clocktable>
  <columns>
   <clockname preferredWidth="363" />
   <clocksource preferredWidth="363" />
   <frequency preferredWidth="344" />
  </columns>
 </clocktable>
 <library expandedCategories="Library,Project,Project/My IP Cores" />
 <window width="1100" height="768" x="0" y="0" />
 <hdlexample language="VERILOG" />
 <generation synthesis="VHDL" />
</preferences>
