<?xml version="1.0" ?>
<LOG_ROOT>
	<PROJECT NAME="pdm2pcm_system">
		<CBX_INST_ENTRY INSTANCE_NAME="|pdm2pcm_system|nios2_pdm2pcm_vhd:NIOS2_SYS|nios2_pdm2pcm_onchip_memory2_0:onchip_memory2_0|altsyncram:the_altsyncram" CBX_FILE_NAME="altsyncram_qjd1.tdf"/>
		<CBX_INST_ENTRY INSTANCE_NAME="|pdm2pcm_system|nios2_pdm2pcm_vhd:NIOS2_SYS|pdm2pcm:pdm2pcm_interface_0|input_interface:ININTER|input_interface_fifo:FIFOOP|dcfifo:dcfifo_component" CBX_FILE_NAME="dcfifo_pmj1.tdf"/>
		<CBX_INST_ENTRY INSTANCE_NAME="|pdm2pcm_system|nios2_pdm2pcm_vhd:NIOS2_SYS|nios2_pdm2pcm_nios2_qsys_0:nios2_qsys_0|nios2_pdm2pcm_nios2_qsys_0_nios2_oci:the_nios2_pdm2pcm_nios2_qsys_0_nios2_oci|nios2_pdm2pcm_nios2_qsys_0_nios2_ocimem:the_nios2_pdm2pcm_nios2_qsys_0_nios2_ocimem|nios2_pdm2pcm_nios2_qsys_0_ociram_sp_ram_module:nios2_pdm2pcm_nios2_qsys_0_ociram_sp_ram|altsyncram:the_altsyncram" CBX_FILE_NAME="altsyncram_3u81.tdf"/>
		<CBX_INST_ENTRY INSTANCE_NAME="|pdm2pcm_system|nios2_pdm2pcm_vhd:NIOS2_SYS|nios2_pdm2pcm_nios2_qsys_0:nios2_qsys_0|nios2_pdm2pcm_nios2_qsys_0_register_bank_a_module:nios2_pdm2pcm_nios2_qsys_0_register_bank_a|altsyncram:the_altsyncram" CBX_FILE_NAME="altsyncram_vgh1.tdf"/>
		<CBX_INST_ENTRY INSTANCE_NAME="|pdm2pcm_system|nios2_pdm2pcm_vhd:NIOS2_SYS|nios2_pdm2pcm_nios2_qsys_0:nios2_qsys_0|nios2_pdm2pcm_nios2_qsys_0_register_bank_b_module:nios2_pdm2pcm_nios2_qsys_0_register_bank_b|altsyncram:the_altsyncram" CBX_FILE_NAME="altsyncram_0hh1.tdf"/>
		<CBX_INST_ENTRY INSTANCE_NAME="|pdm2pcm_system|nios2_pdm2pcm_vhd:NIOS2_SYS|pdm2pcm:pdm2pcm_interface_0|output_interface:OUTINTER|output_interface_fifo:FIFOOP|scfifo:scfifo_component" CBX_FILE_NAME="scfifo_n761.tdf"/>
	</PROJECT>
</LOG_ROOT>
